{
    "observation.state": {
        "mean": [
            -0.4773657023906708,
            0.17183798551559448,
            0.1182037889957428,
            0.9974053502082825,
            0.006014375947415829,
            -0.7645083069801331,
            -0.1590512990951538,
            -0.5052285194396973,
            -0.20114344358444214,
            -0.0631985291838646,
            1.0458694696426392,
            -0.12668012082576752,
            -0.7616793513298035,
            -0.06761627644300461,
            17.50326919555664,
            15.585594177246094,
            30.53483772277832,
            0.705299437046051,
            26.752656936645508,
            0.2966552674770355,
            20.4229736328125,
            21.465682983398438,
            36.136173248291016,
            0.9964073896408081,
            31.852792739868164,
            1.2021772861480713
        ],
        "std": [
            0.2741643190383911,
            0.1359204351902008,
            0.20147499442100525,
            0.28981637954711914,
            0.25542566180229187,
            0.24304531514644623,
            0.31555694341659546,
            0.27215710282325745,
            0.15882602334022522,
            0.1926504373550415,
            0.27866119146347046,
            0.22003254294395447,
            0.2020636945962906,
            0.3062259554862976,
            22.15276336669922,
            20.318326950073242,
            29.9653377532959,
            0.458597332239151,
            26.18450355529785,
            0.31185826659202576,
            22.011310577392578,
            22.043642044067383,
            29.130229949951172,
            0.2798041105270386,
            25.331493377685547,
            5.320572376251221
        ],
        "min": [
            -1.263377070426941,
            -0.18395785987377167,
            -1.2578762769699097,
            -0.5437003374099731,
            -0.9669232368469238,
            -1.533812165260315,
            -1.3742244243621826,
            -1.2802867889404297,
            -1.1492033004760742,
            -0.5044519901275635,
            -0.4656231105327606,
            -1.3740034103393555,
            -1.2541214227676392,
            -1.1405991315841675,
            0.0,
            0.0,
            0.0,
            0.0,
            0.0,
            0.0,
            0.0020000000949949026,
            0.003000000026077032,
            0.10100000351667404,
            0.13199999928474426,
            0.4880000054836273,
            0.0
        ],
        "max": [
            0.24813337624073029,
            1.0705268383026123,
            0.6512707471847534,
            1.372697114944458,
            1.449659824371338,
            0.5128865242004395,
            1.5598053932189941,
            0.464700311422348,
            0.13019661605358124,
            0.9068343639373779,
            1.3630378246307373,
            0.5639896392822266,
            0.5141673684120178,
            0.9681873917579651,
            65.0270004272461,
            64.25900268554688,
            60.30400085449219,
            1.024999976158142,
            52.75400161743164,
            0.9860000014305115,
            64.51499938964844,
            65.28199768066406,
            60.30400085449219,
            2.5769999027252197,
            52.75400161743164,
            60.67399978637695
        ],
        "q01": [
            -1.145267701148987,
            -0.12116722583770752,
            -0.656924421787262,
            0.10821851164102558,
            -0.4884329080581665,
            -1.1888397979736327,
            -0.9977542114257812,
            -1.1088165044784546,
            -0.6683003306388855,
            -0.3682747507095337,
            0.07892810553312302,
            -0.9479953503608703,
            -1.1379923152923583,
            -0.7999980425834655,
            0.0,
            0.0,
            0.0,
            0.0,
            0.0,
            0.0,
            0.003000000026077032,
            0.34200000762939453,
            0.4390000104904175,
            0.49399998784065247,
            0.6029999852180481,
            0.12600000202655792
        ],
        "q99": [
            0.10527518510818468,
            0.540989027023315,
            0.530263600349426,
            1.3526034545898438,
            1.0527734613418562,
            -0.010541516616941514,
            0.6722551751136777,
            0.11769851624965635,
            0.07165320336818667,
            0.5961447620391831,
            1.3485887241363526,
            0.30427516341209393,
            -0.10511020809412035,
            0.7582817173004138,
            65.0270004272461,
            61.95500183105469,
            60.30400085449219,
            1.024999976158142,
            52.75400161743164,
            0.9850000143051147,
            64.25900268554688,
            63.74700164794922,
            60.30400085449219,
            2.5769999027252197,
            52.75400161743164,
            29.95400047302246
        ]
    },
    "action": {
        "mean": [
            -0.4706956148147583,
            0.17021381855010986,
            0.1181257888674736,
            1.005671501159668,
            0.00643989909440279,
            -0.7657983303070068,
            -0.1590631902217865,
            -0.4982801079750061,
            -0.19813662767410278,
            -0.06443554162979126,
            1.0530718564987183,
            -0.12489772588014603,
            -0.7631369233131409,
            -0.0683334618806839,
            0.5883052349090576,
            0.6736282110214233,
            0.7360498905181885,
            0.7614701390266418,
            0.8559620976448059,
            0.43264979124069214,
            0.5806443095207214,
            0.6928741931915283,
            0.7520117163658142,
            0.7684845924377441,
            0.8237369060516357,
            0.5144748091697693
        ],
        "std": [
            0.2786959111690521,
            0.14244307577610016,
            0.2028617411851883,
            0.287452757358551,
            0.25677111744880676,
            0.2407299131155014,
            0.3154835104942322,
            0.2751117944717407,
            0.16165940463542938,
            0.19492191076278687,
            0.2756751477718353,
            0.22185364365577698,
            0.19866999983787537,
            0.30731910467147827,
            0.20813630521297455,
            0.22328345477581024,
            0.2104235142469406,
            0.197722390294075,
            0.18226011097431183,
            0.2961025834083557,
            0.19198748469352722,
            0.23004966974258423,
            0.21578562259674072,
            0.17970159649848938,
            0.17769230902194977,
            0.282213419675827
        ],
        "min": [
            -1.530450463294983,
            -0.481810599565506,
            -1.271658182144165,
            -0.5519311428070068,
            -0.9899327158927917,
            -1.6144293546676636,
            -1.3865702152252197,
            -1.5451009273529053,
            -1.1522960662841797,
            -0.5059220194816589,
            -0.4808570146560669,
            -1.3777635097503662,
            -1.2524528503417969,
            -1.1517176628112793,
            0.010610050521790981,
            0.03494896739721298,
            0.07994163781404495,
            0.08724310249090195,
            0.4356439411640167,
            0.0,
            0.0060942769050598145,
            0.03933309391140938,
            0.0871134102344513,
            0.10506894439458847,
            0.4849647581577301,
            0.0
        ],