{
    "actual_fps": 145.07075848411154,
    "duration_seconds": 11.105761987,
    "frame_count": 1611,
    "target_frequency": 30.0,
    "task_goal": "Pick the bottle",
    "timestamp": "2026-01-08 17:29:05"
}